id,test_sens_as,test_delay_as,test_sens_s,test_delay_s,screening_delay,n_test_week,prop_lambda_w,strategy,timewindow_closure,threshold_class,threshold_school,alpha_as,prop_immune_child,prop_immune_adult,compliance,nrs,seeding_delay,rho_ch,variant,netw,school_size,scenario
0,0.86,1,0.86,1,0,1,0.2,SI,14,2,20,0.55,0.3,0.9,1.0,1,7,0.2,De,0,1000,base
1,0.86,1,0.86,1,0,1,0.2,SI,14,2,20,0.55,0.3,0.9,1.0,1,7,0.2,Om,0,1000,base
2,0.86,1,0.86,1,0,1,0.2,RS,14,2,20,0.55,0.3,0.9,1.0,1,7,0.2,De,0,1000,base
3,0.86,1,0.86,1,0,1,0.2,RS,14,2,20,0.55,0.3,0.9,1.0,1,7,0.2,Om,0,1000,base
4,0.86,1,0.86,1,0,1,0.2,RS_A,14,2,20,0.55,0.3,0.9,1.0,1,7,0.2,De,0,1000,base
5,0.86,1,0.86,1,0,1,0.2,RS_A,14,2,20,0.55,0.3,0.9,1.0,1,7,0.2,Om,0,1000,base
0,0.86,1,0.86,1,0,1,0.2,SI,14,8,1000,0.55,0.3,0.9,1.0,1,7,0.2,De,0,1000,sa1
1,0.86,1,0.86,1,0,1,0.2,SI,14,8,1000,0.55,0.3,0.9,1.0,1,7,0.2,Om,0,1000,sa1
2,0.86,1,0.86,1,0,1,0.2,RS,14,8,1000,0.55,0.3,0.9,1.0,1,7,0.2,De,0,1000,sa1
3,0.86,1,0.86,1,0,1,0.2,RS,14,8,1000,0.55,0.3,0.9,1.0,1,7,0.2,Om,0,1000,sa1
4,0.86,1,0.86,1,0,1,0.2,RS_A,14,8,1000,0.55,0.3,0.9,1.0,1,7,0.2,De,0,1000,sa1
5,0.86,1,0.86,1,0,1,0.2,RS_A,14,8,1000,0.55,0.3,0.9,1.0,1,7,0.2,Om,0,1000,sa1
6,0.86,1,0.86,1,0,1,0.5,SI,14,8,1000,0.55,0.3,0.9,1.0,1,7,0.2,De,0,1000,sa1
7,0.86,1,0.86,1,0,1,0.5,SI,14,8,1000,0.55,0.3,0.9,1.0,1,7,0.2,Om,0,1000,sa1
8,0.86,1,0.86,1,0,1,0.5,RS,14,8,1000,0.55,0.3,0.9,1.0,1,7,0.2,De,0,1000,sa1
9,0.86,1,0.86,1,0,1,0.5,RS,14,8,1000,0.55,0.3,0.9,1.0,1,7,0.2,Om,0,1000,sa1
10,0.86,1,0.86,1,0,1,0.5,RS_A,14,8,1000,0.55,0.3,0.9,1.0,1,7,0.2,De,0,1000,sa1
11,0.86,1,0.86,1,0,1,0.5,RS_A,14,8,1000,0.55,0.3,0.9,1.0,1,7,0.2,Om,0,1000,sa1
12,0.86,1,0.86,1,0,1,0.9,SI,14,8,1000,0.55,0.3,0.9,1.0,1,7,0.2,De,0,1000,sa1
13,0.86,1,0.86,1,0,1,0.9,SI,14,8,1000,0.55,0.3,0.9,1.0,1,7,0.2,Om,0,1000,sa1
14,0.86,1,0.86,1,0,1,0.9,RS,14,8,1000,0.55,0.3,0.9,1.0,1,7,0.2,De,0,1000,sa1
15,0.86,1,0.86,1,0,1,0.9,RS,14,8,1000,0.55,0.3,0.9,1.0,1,7,0.2,Om,0,1000,sa1
16,0.86,1,0.86,1,0,1,0.9,RS_A,14,8,1000,0.55,0.3,0.9,1.0,1,7,0.2,De,0,1000,sa1
17,0.86,1,0.86,1,0,1,0.9,RS_A,14,8,1000,0.55,0.3,0.9,1.0,1,7,0.2,Om,0,1000,sa1
0,0.86,1,0.86,1,0,1,0.2,SI,14,8,1000,0.55,0.1,0.9,1.0,1,7,0.2,De,0,1000,sa2
1,0.86,1,0.86,1,0,1,0.2,SI,14,8,1000,0.55,0.1,0.9,1.0,1,7,0.2,Om,0,1000,sa2
2,0.86,1,0.86,1,0,1,0.2,SI,14,8,1000,0.55,0.2,0.9,1.0,1,7,0.2,De,0,1000,sa2
3,0.86,1,0.86,1,0,1,0.2,SI,14,8,1000,0.55,0.2,0.9,1.0,1,7,0.2,Om,0,1000,sa2
4,0.86,1,0.86,1,0,1,0.2,SI,14,8,1000,0.55,0.3,0.9,1.0,1,7,0.2,De,0,1000,sa2
5,0.86,1,0.86,1,0,1,0.2,SI,14,8,1000,0.55,0.3,0.9,1.0,1,7,0.2,Om,0,1000,sa2
6,0.86,1,0.86,1,0,1,0.2,SI,14,8,1000,0.55,0.4,0.9,1.0,1,7,0.2,De,0,1000,sa2
7,0.86,1,0.86,1,0,1,0.2,SI,14,8,1000,0.55,0.4,0.9,1.0,1,7,0.2,Om,0,1000,sa2
8,0.86,1,0.86,1,0,1,0.2,RS,14,8,1000,0.55,0.1,0.9,1.0,1,7,0.2,De,0,1000,sa2
9,0.86,1,0.86,1,0,1,0.2,RS,14,8,1000,0.55,0.1,0.9,1.0,1,7,0.2,Om,0,1000,sa2
10,0.86,1,0.86,1,0,1,0.2,RS,14,8,1000,0.55,0.2,0.9,1.0,1,7,0.2,De,0,1000,sa2
11,0.86,1,0.86,1,0,1,0.2,RS,14,8,1000,0.55,0.2,0.9,1.0,1,7,0.2,Om,0,1000,sa2
12,0.86,1,0.86,1,0,1,0.2,RS,14,8,1000,0.55,0.3,0.9,1.0,1,7,0.2,De,0,1000,sa2
13,0.86,1,0.86,1,0,1,0.2,RS,14,8,1000,0.55,0.3,0.9,1.0,1,7,0.2,Om,0,1000,sa2
14,0.86,1,0.86,1,0,1,0.2,RS,14,8,1000,0.55,0.4,0.9,1.0,1,7,0.2,De,0,1000,sa2
15,0.86,1,0.86,1,0,1,0.2,RS,14,8,1000,0.55,0.4,0.9,1.0,1,7,0.2,Om,0,1000,sa2
16,0.86,1,0.86,1,0,1,0.2,RS_A,14,8,1000,0.55,0.1,0.9,1.0,1,7,0.2,De,0,1000,sa2
17,0.86,1,0.86,1,0,1,0.2,RS_A,14,8,1000,0.55,0.1,0.9,1.0,1,7,0.2,Om,0,1000,sa2
18,0.86,1,0.86,1,0,1,0.2,RS_A,14,8,1000,0.55,0.2,0.9,1.0,1,7,0.2,De,0,1000,sa2
19,0.86,1,0.86,1,0,1,0.2,RS_A,14,8,1000,0.55,0.2,0.9,1.0,1,7,0.2,Om,0,1000,sa2
20,0.86,1,0.86,1,0,1,0.2,RS_A,14,8,1000,0.55,0.3,0.9,1.0,1,7,0.2,De,0,1000,sa2
21,0.86,1,0.86,1,0,1,0.2,RS_A,14,8,1000,0.55,0.3,0.9,1.0,1,7,0.2,Om,0,1000,sa2
22,0.86,1,0.86,1,0,1,0.2,RS_A,14,8,1000,0.55,0.4,0.9,1.0,1,7,0.2,De,0,1000,sa2
23,0.86,1,0.86,1,0,1,0.2,RS_A,14,8,1000,0.55,0.4,0.9,1.0,1,7,0.2,Om,0,1000,sa2
0,0.86,1,0.86,1,0,1,0.2,SI,14,8,1000,0.55,0.3,0.3,1.0,1,7,0.2,De,0,1000,sa3
1,0.86,1,0.86,1,0,1,0.2,SI,14,8,1000,0.55,0.3,0.3,1.0,1,7,0.2,Om,0,1000,sa3
2,0.86,1,0.86,1,0,1,0.2,SI,14,8,1000,0.55,0.3,0.5,1.0,1,7,0.2,De,0,1000,sa3
3,0.86,1,0.86,1,0,1,0.2,SI,14,8,1000,0.55,0.3,0.5,1.0,1,7,0.2,Om,0,1000,sa3
4,0.86,1,0.86,1,0,1,0.2,SI,14,8,1000,0.55,0.3,0.9,1.0,1,7,0.2,De,0,1000,sa3
5,0.86,1,0.86,1,0,1,0.2,SI,14,8,1000,0.55,0.3,0.9,1.0,1,7,0.2,Om,0,1000,sa3
6,0.86,1,0.86,1,0,1,0.2,RS,14,8,1000,0.55,0.3,0.3,1.0,1,7,0.2,De,0,1000,sa3
7,0.86,1,0.86,1,0,1,0.2,RS,14,8,1000,0.55,0.3,0.3,1.0,1,7,0.2,Om,0,1000,sa3
8,0.86,1,0.86,1,0,1,0.2,RS,14,8,1000,0.55,0.3,0.5,1.0,1,7,0.2,De,0,1000,sa3
9,0.86,1,0.86,1,0,1,0.2,RS,14,8,1000,0.55,0.3,0.5,1.0,1,7,0.2,Om,0,1000,sa3
10,0.86,1,0.86,1,0,1,0.2,RS,14,8,1000,0.55,0.3,0.9,1.0,1,7,0.2,De,0,1000,sa3
11,0.86,1,0.86,1,0,1,0.2,RS,14,8,1000,0.55,0.3,0.9,1.0,1,7,0.2,Om,0,1000,sa3
12,0.86,1,0.86,1,0,1,0.2,RS_A,14,8,1000,0.55,0.3,0.3,1.0,1,7,0.2,De,0,1000,sa3
13,0.86,1,0.86,1,0,1,0.2,RS_A,14,8,1000,0.55,0.3,0.3,1.0,1,7,0.2,Om,0,1000,sa3
14,0.86,1,0.86,1,0,1,0.2,RS_A,14,8,1000,0.55,0.3,0.5,1.0,1,7,0.2,De,0,1000,sa3
15,0.86,1,0.86,1,0,1,0.2,RS_A,14,8,1000,0.55,0.3,0.5,1.0,1,7,0.2,Om,0,1000,sa3
16,0.86,1,0.86,1,0,1,0.2,RS_A,14,8,1000,0.55,0.3,0.9,1.0,1,7,0.2,De,0,1000,sa3
17,0.86,1,0.86,1,0,1,0.2,RS_A,14,8,1000,0.55,0.3,0.9,1.0,1,7,0.2,Om,0,1000,sa3
0,0.86,1,0.86,1,0,1,0.2,SI,14,8,1000,1.0,0.3,0.9,1.0,1,7,0.2,De,0,1000,sa4
1,0.86,1,0.86,1,0,1,0.2,SI,14,8,1000,1.0,0.3,0.9,1.0,1,7,0.2,Om,0,1000,sa4
2,0.86,1,0.86,1,0,1,0.2,RS,14,8,1000,1.0,0.3,0.9,1.0,1,7,0.2,De,0,1000,sa4
3,0.86,1,0.86,1,0,1,0.2,RS,14,8,1000,1.0,0.3,0.9,1.0,1,7,0.2,Om,0,1000,sa4
4,0.86,1,0.86,1,0,1,0.2,RS_A,14,8,1000,1.0,0.3,0.9,1.0,1,7,0.2,De,0,1000,sa4
5,0.86,1,0.86,1,0,1,0.2,RS_A,14,8,1000,1.0,0.3,0.9,1.0,1,7,0.2,Om,0,1000,sa4
0,0.86,1,0.86,1,0,1,0.2,SI,14,8,1000,0.55,0.3,0.9,1.0,1,7,0.2,De,0,1000,sa5
1,0.86,1,0.86,1,0,1,0.2,SI,14,8,1000,0.55,0.3,0.9,1.0,1,7,0.2,Om,0,1000,sa5
2,0.86,1,0.86,1,0,1,0.2,RS,14,8,1000,0.55,0.3,0.9,1.0,1,7,0.2,De,0,1000,sa5
3,0.86,1,0.86,1,0,1,0.2,RS,14,8,1000,0.55,0.3,0.9,1.0,1,7,0.2,Om,0,1000,sa5
4,0.86,1,0.86,1,0,1,0.2,RS_A,14,8,1000,0.55,0.3,0.9,1.0,1,7,0.2,De,0,1000,sa5
5,0.86,1,0.86,1,0,1,0.2,RS_A,14,8,1000,0.55,0.3,0.9,1.0,1,7,0.2,Om,0,1000,sa5
6,0.86,1,0.86,1,1,1,0.2,SI,14,8,1000,0.55,0.3,0.9,1.0,1,7,0.2,De,0,1000,sa5
7,0.86,1,0.86,1,1,1,0.2,SI,14,8,1000,0.55,0.3,0.9,1.0,1,7,0.2,Om,0,1000,sa5
8,0.86,1,0.86,1,1,1,0.2,RS,14,8,1000,0.55,0.3,0.9,1.0,1,7,0.2,De,0,1000,sa5
9,0.86,1,0.86,1,1,1,0.2,RS,14,8,1000,0.55,0.3,0.9,1.0,1,7,0.2,Om,0,1000,sa5
10,0.86,1,0.86,1,1,1,0.2,RS_A,14,8,1000,0.55,0.3,0.9,1.0,1,7,0.2,De,0,1000,sa5
11,0.86,1,0.86,1,1,1,0.2,RS_A,14,8,1000,0.55,0.3,0.9,1.0,1,7,0.2,Om,0,1000,sa5
12,0.86,1,0.86,1,2,1,0.2,SI,14,8,1000,0.55,0.3,0.9,1.0,1,7,0.2,De,0,1000,sa5
13,0.86,1,0.86,1,2,1,0.2,SI,14,8,1000,0.55,0.3,0.9,1.0,1,7,0.2,Om,0,1000,sa5
14,0.86,1,0.86,1,2,1,0.2,RS,14,8,1000,0.55,0.3,0.9,1.0,1,7,0.2,De,0,1000,sa5
15,0.86,1,0.86,1,2,1,0.2,RS,14,8,1000,0.55,0.3,0.9,1.0,1,7,0.2,Om,0,1000,sa5
16,0.86,1,0.86,1,2,1,0.2,RS_A,14,8,1000,0.55,0.3,0.9,1.0,1,7,0.2,De,0,1000,sa5
17,0.86,1,0.86,1,2,1,0.2,RS_A,14,8,1000,0.55,0.3,0.9,1.0,1,7,0.2,Om,0,1000,sa5
0,0.86,1,0.86,1,0,1,0.2,SI,14,2,1000,0.55,0.3,0.9,1.0,1,7,0.2,De,0,1000,sa6
1,0.86,1,0.86,1,0,1,0.2,SI,14,2,1000,0.55,0.3,0.9,1.0,1,7,0.2,Om,0,1000,sa6
2,0.86,1,0.86,1,0,1,0.2,SI,14,4,1000,0.55,0.3,0.9,1.0,1,7,0.2,De,0,1000,sa6
3,0.86,1,0.86,1,0,1,0.2,SI,14,4,1000,0.55,0.3,0.9,1.0,1,7,0.2,Om,0,1000,sa6
4,0.86,1,0.86,1,0,1,0.2,SI,14,6,1000,0.55,0.3,0.9,1.0,1,7,0.2,De,0,1000,sa6
5,0.86,1,0.86,1,0,1,0.2,SI,14,6,1000,0.55,0.3,0.9,1.0,1,7,0.2,Om,0,1000,sa6
6,0.86,1,0.86,1,0,1,0.2,SI,14,8,1000,0.55,0.3,0.9,1.0,1,7,0.2,De,0,1000,sa6
7,0.86,1,0.86,1,0,1,0.2,SI,14,8,1000,0.55,0.3,0.9,1.0,1,7,0.2,Om,0,1000,sa6
8,0.86,1,0.86,1,0,1,0.2,SI,14,1000,1000,0.55,0.3,0.9,1.0,1,7,0.2,De,0,1000,sa6
9,0.86,1,0.86,1,0,1,0.2,SI,14,1000,1000,0.55,0.3,0.9,1.0,1,7,0.2,Om,0,1000,sa6
10,0.86,1,0.86,1,0,1,0.2,RS,14,2,1000,0.55,0.3,0.9,1.0,1,7,0.2,De,0,1000,sa6
11,0.86,1,0.86,1,0,1,0.2,RS,14,2,1000,0.55,0.3,0.9,1.0,1,7,0.2,Om,0,1000,sa6
12,0.86,1,0.86,1,0,1,0.2,RS,14,4,1000,0.55,0.3,0.9,1.0,1,7,0.2,De,0,1000,sa6
13,0.86,1,0.86,1,0,1,0.2,RS,14,4,1000,0.55,0.3,0.9,1.0,1,7,0.2,Om,0,1000,sa6
14,0.86,1,0.86,1,0,1,0.2,RS,14,6,1000,0.55,0.3,0.9,1.0,1,7,0.2,De,0,1000,sa6
15,0.86,1,0.86,1,0,1,0.2,RS,14,6,1000,0.55,0.3,0.9,1.0,1,7,0.2,Om,0,1000,sa6
16,0.86,1,0.86,1,0,1,0.2,RS,14,8,1000,0.55,0.3,0.9,1.0,1,7,0.2,De,0,1000,sa6
17,0.86,1,0.86,1,0,1,0.2,RS,14,8,1000,0.55,0.3,0.9,1.0,1,7,0.2,Om,0,1000,sa6
18,0.86,1,0.86,1,0,1,0.2,RS,14,1000,1000,0.55,0.3,0.9,1.0,1,7,0.2,De,0,1000,sa6
19,0.86,1,0.86,1,0,1,0.2,RS,14,1000,1000,0.55,0.3,0.9,1.0,1,7,0.2,Om,0,1000,sa6
20,0.86,1,0.86,1,0,1,0.2,RS_A,14,2,1000,0.55,0.3,0.9,1.0,1,7,0.2,De,0,1000,sa6
21,0.86,1,0.86,1,0,1,0.2,RS_A,14,2,1000,0.55,0.3,0.9,1.0,1,7,0.2,Om,0,1000,sa6
22,0.86,1,0.86,1,0,1,0.2,RS_A,14,4,1000,0.55,0.3,0.9,1.0,1,7,0.2,De,0,1000,sa6
23,0.86,1,0.86,1,0,1,0.2,RS_A,14,4,1000,0.55,0.3,0.9,1.0,1,7,0.2,Om,0,1000,sa6
24,0.86,1,0.86,1,0,1,0.2,RS_A,14,6,1000,0.55,0.3,0.9,1.0,1,7,0.2,De,0,1000,sa6
25,0.86,1,0.86,1,0,1,0.2,RS_A,14,6,1000,0.55,0.3,0.9,1.0,1,7,0.2,Om,0,1000,sa6
26,0.86,1,0.86,1,0,1,0.2,RS_A,14,8,1000,0.55,0.3,0.9,1.0,1,7,0.2,De,0,1000,sa6
27,0.86,1,0.86,1,0,1,0.2,RS_A,14,8,1000,0.55,0.3,0.9,1.0,1,7,0.2,Om,0,1000,sa6
28,0.86,1,0.86,1,0,1,0.2,RS_A,14,1000,1000,0.55,0.3,0.9,1.0,1,7,0.2,De,0,1000,sa6
29,0.86,1,0.86,1,0,1,0.2,RS_A,14,1000,1000,0.55,0.3,0.9,1.0,1,7,0.2,Om,0,1000,sa6
0,0.86,1,0.86,1,0,1,0.2,SI,14,2,20,0.55,0.3,0.9,1.0,1,7,0.2,De,0,1000,sa7
1,0.86,1,0.86,1,0,1,0.2,SI,14,2,20,0.55,0.3,0.9,1.0,1,7,0.2,Om,0,1000,sa7
2,0.86,1,0.86,1,0,1,0.2,SI,14,2,1000,0.55,0.3,0.9,1.0,1,7,0.2,De,0,1000,sa7
3,0.86,1,0.86,1,0,1,0.2,SI,14,2,1000,0.55,0.3,0.9,1.0,1,7,0.2,Om,0,1000,sa7
4,0.86,1,0.86,1,0,1,0.2,SI,14,8,20,0.55,0.3,0.9,1.0,1,7,0.2,De,0,1000,sa7
5,0.86,1,0.86,1,0,1,0.2,SI,14,8,20,0.55,0.3,0.9,1.0,1,7,0.2,Om,0,1000,sa7
6,0.86,1,0.86,1,0,1,0.2,SI,14,8,1000,0.55,0.3,0.9,1.0,1,7,0.2,De,0,1000,sa7
7,0.86,1,0.86,1,0,1,0.2,SI,14,8,1000,0.55,0.3,0.9,1.0,1,7,0.2,Om,0,1000,sa7
8,0.86,1,0.86,1,0,1,0.2,RS,14,2,20,0.55,0.3,0.9,1.0,1,7,0.2,De,0,1000,sa7
9,0.86,1,0.86,1,0,1,0.2,RS,14,2,20,0.55,0.3,0.9,1.0,1,7,0.2,Om,0,1000,sa7
10,0.86,1,0.86,1,0,1,0.2,RS,14,2,1000,0.55,0.3,0.9,1.0,1,7,0.2,De,0,1000,sa7
11,0.86,1,0.86,1,0,1,0.2,RS,14,2,1000,0.55,0.3,0.9,1.0,1,7,0.2,Om,0,1000,sa7
12,0.86,1,0.86,1,0,1,0.2,RS,14,8,20,0.55,0.3,0.9,1.0,1,7,0.2,De,0,1000,sa7
13,0.86,1,0.86,1,0,1,0.2,RS,14,8,20,0.55,0.3,0.9,1.0,1,7,0.2,Om,0,1000,sa7
14,0.86,1,0.86,1,0,1,0.2,RS,14,8,1000,0.55,0.3,0.9,1.0,1,7,0.2,De,0,1000,sa7
15,0.86,1,0.86,1,0,1,0.2,RS,14,8,1000,0.55,0.3,0.9,1.0,1,7,0.2,Om,0,1000,sa7
16,0.86,1,0.86,1,0,1,0.2,RS_A,14,2,20,0.55,0.3,0.9,1.0,1,7,0.2,De,0,1000,sa7
17,0.86,1,0.86,1,0,1,0.2,RS_A,14,2,20,0.55,0.3,0.9,1.0,1,7,0.2,Om,0,1000,sa7
18,0.86,1,0.86,1,0,1,0.2,RS_A,14,2,1000,0.55,0.3,0.9,1.0,1,7,0.2,De,0,1000,sa7
19,0.86,1,0.86,1,0,1,0.2,RS_A,14,2,1000,0.55,0.3,0.9,1.0,1,7,0.2,Om,0,1000,sa7
20,0.86,1,0.86,1,0,1,0.2,RS_A,14,8,20,0.55,0.3,0.9,1.0,1,7,0.2,De,0,1000,sa7
21,0.86,1,0.86,1,0,1,0.2,RS_A,14,8,20,0.55,0.3,0.9,1.0,1,7,0.2,Om,0,1000,sa7
22,0.86,1,0.86,1,0,1,0.2,RS_A,14,8,1000,0.55,0.3,0.9,1.0,1,7,0.2,De,0,1000,sa7
23,0.86,1,0.86,1,0,1,0.2,RS_A,14,8,1000,0.55,0.3,0.9,1.0,1,7,0.2,Om,0,1000,sa7
24,0.86,1,0.86,1,0,2,0.2,SI,14,2,20,0.55,0.3,0.9,1.0,1,7,0.2,De,0,1000,sa7
25,0.86,1,0.86,1,0,2,0.2,SI,14,2,20,0.55,0.3,0.9,1.0,1,7,0.2,Om,0,1000,sa7
26,0.86,1,0.86,1,0,2,0.2,SI,14,2,1000,0.55,0.3,0.9,1.0,1,7,0.2,De,0,1000,sa7
27,0.86,1,0.86,1,0,2,0.2,SI,14,2,1000,0.55,0.3,0.9,1.0,1,7,0.2,Om,0,1000,sa7
28,0.86,1,0.86,1,0,2,0.2,SI,14,8,20,0.55,0.3,0.9,1.0,1,7,0.2,De,0,1000,sa7
29,0.86,1,0.86,1,0,2,0.2,SI,14,8,20,0.55,0.3,0.9,1.0,1,7,0.2,Om,0,1000,sa7
30,0.86,1,0.86,1,0,2,0.2,SI,14,8,1000,0.55,0.3,0.9,1.0,1,7,0.2,De,0,1000,sa7
31,0.86,1,0.86,1,0,2,0.2,SI,14,8,1000,0.55,0.3,0.9,1.0,1,7,0.2,Om,0,1000,sa7
32,0.86,1,0.86,1,0,2,0.2,RS,14,2,20,0.55,0.3,0.9,1.0,1,7,0.2,De,0,1000,sa7
33,0.86,1,0.86,1,0,2,0.2,RS,14,2,20,0.55,0.3,0.9,1.0,1,7,0.2,Om,0,1000,sa7
34,0.86,1,0.86,1,0,2,0.2,RS,14,2,1000,0.55,0.3,0.9,1.0,1,7,0.2,De,0,1000,sa7
35,0.86,1,0.86,1,0,2,0.2,RS,14,2,1000,0.55,0.3,0.9,1.0,1,7,0.2,Om,0,1000,sa7
36,0.86,1,0.86,1,0,2,0.2,RS,14,8,20,0.55,0.3,0.9,1.0,1,7,0.2,De,0,1000,sa7
37,0.86,1,0.86,1,0,2,0.2,RS,14,8,20,0.55,0.3,0.9,1.0,1,7,0.2,Om,0,1000,sa7
38,0.86,1,0.86,1,0,2,0.2,RS,14,8,1000,0.55,0.3,0.9,1.0,1,7,0.2,De,0,1000,sa7
39,0.86,1,0.86,1,0,2,0.2,RS,14,8,1000,0.55,0.3,0.9,1.0,1,7,0.2,Om,0,1000,sa7
40,0.86,1,0.86,1,0,2,0.2,RS_A,14,2,20,0.55,0.3,0.9,1.0,1,7,0.2,De,0,1000,sa7
41,0.86,1,0.86,1,0,2,0.2,RS_A,14,2,20,0.55,0.3,0.9,1.0,1,7,0.2,Om,0,1000,sa7
42,0.86,1,0.86,1,0,2,0.2,RS_A,14,2,1000,0.55,0.3,0.9,1.0,1,7,0.2,De,0,1000,sa7
43,0.86,1,0.86,1,0,2,0.2,RS_A,14,2,1000,0.55,0.3,0.9,1.0,1,7,0.2,Om,0,1000,sa7
44,0.86,1,0.86,1,0,2,0.2,RS_A,14,8,20,0.55,0.3,0.9,1.0,1,7,0.2,De,0,1000,sa7
45,0.86,1,0.86,1,0,2,0.2,RS_A,14,8,20,0.55,0.3,0.9,1.0,1,7,0.2,Om,0,1000,sa7
46,0.86,1,0.86,1,0,2,0.2,RS_A,14,8,1000,0.55,0.3,0.9,1.0,1,7,0.2,De,0,1000,sa7
47,0.86,1,0.86,1,0,2,0.2,RS_A,14,8,1000,0.55,0.3,0.9,1.0,1,7,0.2,Om,0,1000,sa7
0,0.86,1,0.86,1,0,1,0.2,SI,14,8,2,0.55,0.3,0.9,1.0,1,7,0.2,De,0,1000,sa8
1,0.86,1,0.86,1,0,1,0.2,SI,14,8,2,0.55,0.3,0.9,1.0,1,7,0.2,Om,0,1000,sa8
2,0.86,1,0.86,1,0,1,0.2,SI,14,8,5,0.55,0.3,0.9,1.0,1,7,0.2,De,0,1000,sa8
3,0.86,1,0.86,1,0,1,0.2,SI,14,8,5,0.55,0.3,0.9,1.0,1,7,0.2,Om,0,1000,sa8
4,0.86,1,0.86,1,0,1,0.2,SI,14,8,10,0.55,0.3,0.9,1.0,1,7,0.2,De,0,1000,sa8
5,0.86,1,0.86,1,0,1,0.2,SI,14,8,10,0.55,0.3,0.9,1.0,1,7,0.2,Om,0,1000,sa8
6,0.86,1,0.86,1,0,1,0.2,SI,14,8,20,0.55,0.3,0.9,1.0,1,7,0.2,De,0,1000,sa8
7,0.86,1,0.86,1,0,1,0.2,SI,14,8,20,0.55,0.3,0.9,1.0,1,7,0.2,Om,0,1000,sa8
8,0.86,1,0.86,1,0,1,0.2,SI,14,8,50,0.55,0.3,0.9,1.0,1,7,0.2,De,0,1000,sa8
9,0.86,1,0.86,1,0,1,0.2,SI,14,8,50,0.55,0.3,0.9,1.0,1,7,0.2,Om,0,1000,sa8
10,0.86,1,0.86,1,0,1,0.2,SI,14,8,100,0.55,0.3,0.9,1.0,1,7,0.2,De,0,1000,sa8
11,0.86,1,0.86,1,0,1,0.2,SI,14,8,100,0.55,0.3,0.9,1.0,1,7,0.2,Om,0,1000,sa8
12,0.86,1,0.86,1,0,1,0.2,SI,14,8,1000,0.55,0.3,0.9,1.0,1,7,0.2,De,0,1000,sa8
13,0.86,1,0.86,1,0,1,0.2,SI,14,8,1000,0.55,0.3,0.9,1.0,1,7,0.2,Om,0,1000,sa8
14,0.86,1,0.86,1,0,1,0.2,RS,14,8,2,0.55,0.3,0.9,1.0,1,7,0.2,De,0,1000,sa8
15,0.86,1,0.86,1,0,1,0.2,RS,14,8,2,0.55,0.3,0.9,1.0,1,7,0.2,Om,0,1000,sa8
16,0.86,1,0.86,1,0,1,0.2,RS,14,8,5,0.55,0.3,0.9,1.0,1,7,0.2,De,0,1000,sa8
17,0.86,1,0.86,1,0,1,0.2,RS,14,8,5,0.55,0.3,0.9,1.0,1,7,0.2,Om,0,1000,sa8
18,0.86,1,0.86,1,0,1,0.2,RS,14,8,10,0.55,0.3,0.9,1.0,1,7,0.2,De,0,1000,sa8
19,0.86,1,0.86,1,0,1,0.2,RS,14,8,10,0.55,0.3,0.9,1.0,1,7,0.2,Om,0,1000,sa8
20,0.86,1,0.86,1,0,1,0.2,RS,14,8,20,0.55,0.3,0.9,1.0,1,7,0.2,De,0,1000,sa8
21,0.86,1,0.86,1,0,1,0.2,RS,14,8,20,0.55,0.3,0.9,1.0,1,7,0.2,Om,0,1000,sa8
22,0.86,1,0.86,1,0,1,0.2,RS,14,8,50,0.55,0.3,0.9,1.0,1,7,0.2,De,0,1000,sa8
23,0.86,1,0.86,1,0,1,0.2,RS,14,8,50,0.55,0.3,0.9,1.0,1,7,0.2,Om,0,1000,sa8
24,0.86,1,0.86,1,0,1,0.2,RS,14,8,100,0.55,0.3,0.9,1.0,1,7,0.2,De,0,1000,sa8
25,0.86,1,0.86,1,0,1,0.2,RS,14,8,100,0.55,0.3,0.9,1.0,1,7,0.2,Om,0,1000,sa8
26,0.86,1,0.86,1,0,1,0.2,RS,14,8,1000,0.55,0.3,0.9,1.0,1,7,0.2,De,0,1000,sa8
27,0.86,1,0.86,1,0,1,0.2,RS,14,8,1000,0.55,0.3,0.9,1.0,1,7,0.2,Om,0,1000,sa8
28,0.86,1,0.86,1,0,1,0.2,RS_A,14,8,2,0.55,0.3,0.9,1.0,1,7,0.2,De,0,1000,sa8
29,0.86,1,0.86,1,0,1,0.2,RS_A,14,8,2,0.55,0.3,0.9,1.0,1,7,0.2,Om,0,1000,sa8
30,0.86,1,0.86,1,0,1,0.2,RS_A,14,8,5,0.55,0.3,0.9,1.0,1,7,0.2,De,0,1000,sa8
31,0.86,1,0.86,1,0,1,0.2,RS_A,14,8,5,0.55,0.3,0.9,1.0,1,7,0.2,Om,0,1000,sa8
32,0.86,1,0.86,1,0,1,0.2,RS_A,14,8,10,0.55,0.3,0.9,1.0,1,7,0.2,De,0,1000,sa8
33,0.86,1,0.86,1,0,1,0.2,RS_A,14,8,10,0.55,0.3,0.9,1.0,1,7,0.2,Om,0,1000,sa8
34,0.86,1,0.86,1,0,1,0.2,RS_A,14,8,20,0.55,0.3,0.9,1.0,1,7,0.2,De,0,1000,sa8
35,0.86,1,0.86,1,0,1,0.2,RS_A,14,8,20,0.55,0.3,0.9,1.0,1,7,0.2,Om,0,1000,sa8
36,0.86,1,0.86,1,0,1,0.2,RS_A,14,8,50,0.55,0.3,0.9,1.0,1,7,0.2,De,0,1000,sa8
37,0.86,1,0.86,1,0,1,0.2,RS_A,14,8,50,0.55,0.3,0.9,1.0,1,7,0.2,Om,0,1000,sa8
38,0.86,1,0.86,1,0,1,0.2,RS_A,14,8,100,0.55,0.3,0.9,1.0,1,7,0.2,De,0,1000,sa8
39,0.86,1,0.86,1,0,1,0.2,RS_A,14,8,100,0.55,0.3,0.9,1.0,1,7,0.2,Om,0,1000,sa8
40,0.86,1,0.86,1,0,1,0.2,RS_A,14,8,1000,0.55,0.3,0.9,1.0,1,7,0.2,De,0,1000,sa8
41,0.86,1,0.86,1,0,1,0.2,RS_A,14,8,1000,0.55,0.3,0.9,1.0,1,7,0.2,Om,0,1000,sa8
0,0.86,1,0.86,1,0,1,0.2,SI,14,8,1000,0.55,0.3,0.9,0.2,1,7,0.2,De,0,1000,sa9
1,0.86,1,0.86,1,0,1,0.2,SI,14,8,1000,0.55,0.3,0.9,0.2,1,7,0.2,Om,0,1000,sa9
2,0.86,1,0.86,1,0,1,0.2,SI,14,8,1000,0.55,0.3,0.9,0.4,1,7,0.2,De,0,1000,sa9
3,0.86,1,0.86,1,0,1,0.2,SI,14,8,1000,0.55,0.3,0.9,0.4,1,7,0.2,Om,0,1000,sa9
4,0.86,1,0.86,1,0,1,0.2,SI,14,8,1000,0.55,0.3,0.9,0.6,1,7,0.2,De,0,1000,sa9
5,0.86,1,0.86,1,0,1,0.2,SI,14,8,1000,0.55,0.3,0.9,0.6,1,7,0.2,Om,0,1000,sa9
6,0.86,1,0.86,1,0,1,0.2,SI,14,8,1000,0.55,0.3,0.9,0.8,1,7,0.2,De,0,1000,sa9
7,0.86,1,0.86,1,0,1,0.2,SI,14,8,1000,0.55,0.3,0.9,0.8,1,7,0.2,Om,0,1000,sa9
8,0.86,1,0.86,1,0,1,0.2,SI,14,8,1000,0.55,0.3,0.9,1.0,1,7,0.2,De,0,1000,sa9
9,0.86,1,0.86,1,0,1,0.2,SI,14,8,1000,0.55,0.3,0.9,1.0,1,7,0.2,Om,0,1000,sa9
10,0.86,1,0.86,1,0,1,0.2,RS,14,8,1000,0.55,0.3,0.9,0.2,1,7,0.2,De,0,1000,sa9
11,0.86,1,0.86,1,0,1,0.2,RS,14,8,1000,0.55,0.3,0.9,0.2,1,7,0.2,Om,0,1000,sa9
12,0.86,1,0.86,1,0,1,0.2,RS,14,8,1000,0.55,0.3,0.9,0.4,1,7,0.2,De,0,1000,sa9
13,0.86,1,0.86,1,0,1,0.2,RS,14,8,1000,0.55,0.3,0.9,0.4,1,7,0.2,Om,0,1000,sa9
14,0.86,1,0.86,1,0,1,0.2,RS,14,8,1000,0.55,0.3,0.9,0.6,1,7,0.2,De,0,1000,sa9
15,0.86,1,0.86,1,0,1,0.2,RS,14,8,1000,0.55,0.3,0.9,0.6,1,7,0.2,Om,0,1000,sa9
16,0.86,1,0.86,1,0,1,0.2,RS,14,8,1000,0.55,0.3,0.9,0.8,1,7,0.2,De,0,1000,sa9
17,0.86,1,0.86,1,0,1,0.2,RS,14,8,1000,0.55,0.3,0.9,0.8,1,7,0.2,Om,0,1000,sa9
18,0.86,1,0.86,1,0,1,0.2,RS,14,8,1000,0.55,0.3,0.9,1.0,1,7,0.2,De,0,1000,sa9
19,0.86,1,0.86,1,0,1,0.2,RS,14,8,1000,0.55,0.3,0.9,1.0,1,7,0.2,Om,0,1000,sa9
20,0.86,1,0.86,1,0,1,0.2,RS_A,14,8,1000,0.55,0.3,0.9,0.2,1,7,0.2,De,0,1000,sa9
21,0.86,1,0.86,1,0,1,0.2,RS_A,14,8,1000,0.55,0.3,0.9,0.2,1,7,0.2,Om,0,1000,sa9
22,0.86,1,0.86,1,0,1,0.2,RS_A,14,8,1000,0.55,0.3,0.9,0.4,1,7,0.2,De,0,1000,sa9
23,0.86,1,0.86,1,0,1,0.2,RS_A,14,8,1000,0.55,0.3,0.9,0.4,1,7,0.2,Om,0,1000,sa9
24,0.86,1,0.86,1,0,1,0.2,RS_A,14,8,1000,0.55,0.3,0.9,0.6,1,7,0.2,De,0,1000,sa9
25,0.86,1,0.86,1,0,1,0.2,RS_A,14,8,1000,0.55,0.3,0.9,0.6,1,7,0.2,Om,0,1000,sa9
26,0.86,1,0.86,1,0,1,0.2,RS_A,14,8,1000,0.55,0.3,0.9,0.8,1,7,0.2,De,0,1000,sa9
27,0.86,1,0.86,1,0,1,0.2,RS_A,14,8,1000,0.55,0.3,0.9,0.8,1,7,0.2,Om,0,1000,sa9
28,0.86,1,0.86,1,0,1,0.2,RS_A,14,8,1000,0.55,0.3,0.9,1.0,1,7,0.2,De,0,1000,sa9
29,0.86,1,0.86,1,0,1,0.2,RS_A,14,8,1000,0.55,0.3,0.9,1.0,1,7,0.2,Om,0,1000,sa9
0,0.86,1,0.86,1,0,2,0.2,SI,14,8,1000,0.55,0.3,0.9,0.2,1,7,0.2,De,0,1000,sa10
1,0.86,1,0.86,1,0,2,0.2,SI,14,8,1000,0.55,0.3,0.9,0.2,1,7,0.2,Om,0,1000,sa10
2,0.86,1,0.86,1,0,2,0.2,SI,14,8,1000,0.55,0.3,0.9,0.4,1,7,0.2,De,0,1000,sa10
3,0.86,1,0.86,1,0,2,0.2,SI,14,8,1000,0.55,0.3,0.9,0.4,1,7,0.2,Om,0,1000,sa10
4,0.86,1,0.86,1,0,2,0.2,SI,14,8,1000,0.55,0.3,0.9,0.6,1,7,0.2,De,0,1000,sa10
5,0.86,1,0.86,1,0,2,0.2,SI,14,8,1000,0.55,0.3,0.9,0.6,1,7,0.2,Om,0,1000,sa10
6,0.86,1,0.86,1,0,2,0.2,SI,14,8,1000,0.55,0.3,0.9,0.8,1,7,0.2,De,0,1000,sa10
7,0.86,1,0.86,1,0,2,0.2,SI,14,8,1000,0.55,0.3,0.9,0.8,1,7,0.2,Om,0,1000,sa10
8,0.86,1,0.86,1,0,2,0.2,SI,14,8,1000,0.55,0.3,0.9,1.0,1,7,0.2,De,0,1000,sa10
9,0.86,1,0.86,1,0,2,0.2,SI,14,8,1000,0.55,0.3,0.9,1.0,1,7,0.2,Om,0,1000,sa10
10,0.86,1,0.86,1,0,2,0.2,RS,14,8,1000,0.55,0.3,0.9,0.2,1,7,0.2,De,0,1000,sa10
11,0.86,1,0.86,1,0,2,0.2,RS,14,8,1000,0.55,0.3,0.9,0.2,1,7,0.2,Om,0,1000,sa10
12,0.86,1,0.86,1,0,2,0.2,RS,14,8,1000,0.55,0.3,0.9,0.4,1,7,0.2,De,0,1000,sa10
13,0.86,1,0.86,1,0,2,0.2,RS,14,8,1000,0.55,0.3,0.9,0.4,1,7,0.2,Om,0,1000,sa10
14,0.86,1,0.86,1,0,2,0.2,RS,14,8,1000,0.55,0.3,0.9,0.6,1,7,0.2,De,0,1000,sa10
15,0.86,1,0.86,1,0,2,0.2,RS,14,8,1000,0.55,0.3,0.9,0.6,1,7,0.2,Om,0,1000,sa10
16,0.86,1,0.86,1,0,2,0.2,RS,14,8,1000,0.55,0.3,0.9,0.8,1,7,0.2,De,0,1000,sa10
17,0.86,1,0.86,1,0,2,0.2,RS,14,8,1000,0.55,0.3,0.9,0.8,1,7,0.2,Om,0,1000,sa10
18,0.86,1,0.86,1,0,2,0.2,RS,14,8,1000,0.55,0.3,0.9,1.0,1,7,0.2,De,0,1000,sa10
19,0.86,1,0.86,1,0,2,0.2,RS,14,8,1000,0.55,0.3,0.9,1.0,1,7,0.2,Om,0,1000,sa10
20,0.86,1,0.86,1,0,2,0.2,RS_A,14,8,1000,0.55,0.3,0.9,0.2,1,7,0.2,De,0,1000,sa10
21,0.86,1,0.86,1,0,2,0.2,RS_A,14,8,1000,0.55,0.3,0.9,0.2,1,7,0.2,Om,0,1000,sa10
22,0.86,1,0.86,1,0,2,0.2,RS_A,14,8,1000,0.55,0.3,0.9,0.4,1,7,0.2,De,0,1000,sa10
23,0.86,1,0.86,1,0,2,0.2,RS_A,14,8,1000,0.55,0.3,0.9,0.4,1,7,0.2,Om,0,1000,sa10
24,0.86,1,0.86,1,0,2,0.2,RS_A,14,8,1000,0.55,0.3,0.9,0.6,1,7,0.2,De,0,1000,sa10
25,0.86,1,0.86,1,0,2,0.2,RS_A,14,8,1000,0.55,0.3,0.9,0.6,1,7,0.2,Om,0,1000,sa10
26,0.86,1,0.86,1,0,2,0.2,RS_A,14,8,1000,0.55,0.3,0.9,0.8,1,7,0.2,De,0,1000,sa10
27,0.86,1,0.86,1,0,2,0.2,RS_A,14,8,1000,0.55,0.3,0.9,0.8,1,7,0.2,Om,0,1000,sa10
28,0.86,1,0.86,1,0,2,0.2,RS_A,14,8,1000,0.55,0.3,0.9,1.0,1,7,0.2,De,0,1000,sa10
29,0.86,1,0.86,1,0,2,0.2,RS_A,14,8,1000,0.55,0.3,0.9,1.0,1,7,0.2,Om,0,1000,sa10
0,0.86,1,0.86,1,0,1,0.2,SI,14,8,1000,0.55,0.3,0.9,1.0,2,7,0.2,De,0,1000,sa11
1,0.86,1,0.86,1,0,1,0.2,SI,14,8,1000,0.55,0.3,0.9,1.0,2,7,0.2,Om,0,1000,sa11
2,0.86,1,0.86,1,0,1,0.2,SI,14,8,1000,0.55,0.3,0.9,1.0,3,7,0.2,De,0,1000,sa11
3,0.86,1,0.86,1,0,1,0.2,SI,14,8,1000,0.55,0.3,0.9,1.0,3,7,0.2,Om,0,1000,sa11
4,0.86,1,0.86,1,0,1,0.2,RS,14,8,1000,0.55,0.3,0.9,1.0,2,7,0.2,De,0,1000,sa11
5,0.86,1,0.86,1,0,1,0.2,RS,14,8,1000,0.55,0.3,0.9,1.0,2,7,0.2,Om,0,1000,sa11
6,0.86,1,0.86,1,0,1,0.2,RS,14,8,1000,0.55,0.3,0.9,1.0,3,7,0.2,De,0,1000,sa11
7,0.86,1,0.86,1,0,1,0.2,RS,14,8,1000,0.55,0.3,0.9,1.0,3,7,0.2,Om,0,1000,sa11
8,0.86,1,0.86,1,0,1,0.2,RS_A,14,8,1000,0.55,0.3,0.9,1.0,2,7,0.2,De,0,1000,sa11
9,0.86,1,0.86,1,0,1,0.2,RS_A,14,8,1000,0.55,0.3,0.9,1.0,2,7,0.2,Om,0,1000,sa11
10,0.86,1,0.86,1,0,1,0.2,RS_A,14,8,1000,0.55,0.3,0.9,1.0,3,7,0.2,De,0,1000,sa11
11,0.86,1,0.86,1,0,1,0.2,RS_A,14,8,1000,0.55,0.3,0.9,1.0,3,7,0.2,Om,0,1000,sa11
0,0.86,1,0.86,1,0,1,0.2,SI,14,8,1000,0.55,0.3,0.9,1.0,1,7,0.2,De,0,1000,sa12
1,0.86,1,0.86,1,0,1,0.2,SI,14,8,1000,0.55,0.3,0.9,1.0,1,7,0.2,Om,0,1000,sa12
2,0.86,1,0.86,1,0,1,0.2,SI,14,8,1000,0.55,0.3,0.9,1.0,1,30,0.2,De,0,1000,sa12
3,0.86,1,0.86,1,0,1,0.2,SI,14,8,1000,0.55,0.3,0.9,1.0,1,30,0.2,Om,0,1000,sa12
4,0.86,1,0.86,1,0,1,0.2,RS,14,8,1000,0.55,0.3,0.9,1.0,1,7,0.2,De,0,1000,sa12
5,0.86,1,0.86,1,0,1,0.2,RS,14,8,1000,0.55,0.3,0.9,1.0,1,7,0.2,Om,0,1000,sa12
6,0.86,1,0.86,1,0,1,0.2,RS,14,8,1000,0.55,0.3,0.9,1.0,1,30,0.2,De,0,1000,sa12
7,0.86,1,0.86,1,0,1,0.2,RS,14,8,1000,0.55,0.3,0.9,1.0,1,30,0.2,Om,0,1000,sa12
8,0.86,1,0.86,1,0,1,0.2,RS_A,14,8,1000,0.55,0.3,0.9,1.0,1,7,0.2,De,0,1000,sa12
9,0.86,1,0.86,1,0,1,0.2,RS_A,14,8,1000,0.55,0.3,0.9,1.0,1,7,0.2,Om,0,1000,sa12
10,0.86,1,0.86,1,0,1,0.2,RS_A,14,8,1000,0.55,0.3,0.9,1.0,1,30,0.2,De,0,1000,sa12
11,0.86,1,0.86,1,0,1,0.2,RS_A,14,8,1000,0.55,0.3,0.9,1.0,1,30,0.2,Om,0,1000,sa12
0,0.86,1,0.86,1,0,1,0.2,SI,14,8,1000,0.55,0.3,0.9,1.0,1,7,0.2,De,0,1000,sa13
1,0.86,1,0.86,1,0,1,0.2,SI,14,8,1000,0.55,0.3,0.9,1.0,1,7,0.2,Om,0,1000,sa13
2,0.86,1,0.86,1,0,1,0.2,SI,14,8,1000,0.55,0.3,0.9,1.0,1,7,0.4,De,0,1000,sa13
3,0.86,1,0.86,1,0,1,0.2,SI,14,8,1000,0.55,0.3,0.9,1.0,1,7,0.4,Om,0,1000,sa13
4,0.86,1,0.86,1,0,1,0.2,SI,14,8,1000,0.55,0.3,0.9,1.0,1,7,0.6,De,0,1000,sa13
5,0.86,1,0.86,1,0,1,0.2,SI,14,8,1000,0.55,0.3,0.9,1.0,1,7,0.6,Om,0,1000,sa13
6,0.86,1,0.86,1,0,1,0.2,SI,14,8,1000,0.55,0.3,0.9,1.0,1,7,0.8,De,0,1000,sa13
7,0.86,1,0.86,1,0,1,0.2,SI,14,8,1000,0.55,0.3,0.9,1.0,1,7,0.8,Om,0,1000,sa13
8,0.86,1,0.86,1,0,1,0.2,RS,14,8,1000,0.55,0.3,0.9,1.0,1,7,0.2,De,0,1000,sa13
9,0.86,1,0.86,1,0,1,0.2,RS,14,8,1000,0.55,0.3,0.9,1.0,1,7,0.2,Om,0,1000,sa13
10,0.86,1,0.86,1,0,1,0.2,RS,14,8,1000,0.55,0.3,0.9,1.0,1,7,0.4,De,0,1000,sa13
11,0.86,1,0.86,1,0,1,0.2,RS,14,8,1000,0.55,0.3,0.9,1.0,1,7,0.4,Om,0,1000,sa13
12,0.86,1,0.86,1,0,1,0.2,RS,14,8,1000,0.55,0.3,0.9,1.0,1,7,0.6,De,0,1000,sa13
13,0.86,1,0.86,1,0,1,0.2,RS,14,8,1000,0.55,0.3,0.9,1.0,1,7,0.6,Om,0,1000,sa13
14,0.86,1,0.86,1,0,1,0.2,RS,14,8,1000,0.55,0.3,0.9,1.0,1,7,0.8,De,0,1000,sa13
15,0.86,1,0.86,1,0,1,0.2,RS,14,8,1000,0.55,0.3,0.9,1.0,1,7,0.8,Om,0,1000,sa13
16,0.86,1,0.86,1,0,1,0.2,RS_A,14,8,1000,0.55,0.3,0.9,1.0,1,7,0.2,De,0,1000,sa13
17,0.86,1,0.86,1,0,1,0.2,RS_A,14,8,1000,0.55,0.3,0.9,1.0,1,7,0.2,Om,0,1000,sa13
18,0.86,1,0.86,1,0,1,0.2,RS_A,14,8,1000,0.55,0.3,0.9,1.0,1,7,0.4,De,0,1000,sa13
19,0.86,1,0.86,1,0,1,0.2,RS_A,14,8,1000,0.55,0.3,0.9,1.0,1,7,0.4,Om,0,1000,sa13
20,0.86,1,0.86,1,0,1,0.2,RS_A,14,8,1000,0.55,0.3,0.9,1.0,1,7,0.6,De,0,1000,sa13
21,0.86,1,0.86,1,0,1,0.2,RS_A,14,8,1000,0.55,0.3,0.9,1.0,1,7,0.6,Om,0,1000,sa13
22,0.86,1,0.86,1,0,1,0.2,RS_A,14,8,1000,0.55,0.3,0.9,1.0,1,7,0.8,De,0,1000,sa13
23,0.86,1,0.86,1,0,1,0.2,RS_A,14,8,1000,0.55,0.3,0.9,1.0,1,7,0.8,Om,0,1000,sa13
0,0.86,2,0.86,2,0,1,0.2,SI,14,8,1000,0.55,0.3,0.9,1.0,1,7,0.2,De,0,1000,sa14
1,0.86,2,0.86,2,0,1,0.2,SI,14,8,1000,0.55,0.3,0.9,1.0,1,7,0.2,Om,0,1000,sa14
2,0.86,2,0.86,2,0,1,0.2,RS,14,8,1000,0.55,0.3,0.9,1.0,1,7,0.2,De,0,1000,sa14
3,0.86,2,0.86,2,0,1,0.2,RS,14,8,1000,0.55,0.3,0.9,1.0,1,7,0.2,Om,0,1000,sa14
4,0.86,2,0.86,2,0,1,0.2,RS_A,14,8,1000,0.55,0.3,0.9,1.0,1,7,0.2,De,0,1000,sa14
5,0.86,2,0.86,2,0,1,0.2,RS_A,14,8,1000,0.55,0.3,0.9,1.0,1,7,0.2,Om,0,1000,sa14
0,0.86,3,0.86,3,0,1,0.2,SI,14,8,1000,0.55,0.3,0.9,1.0,1,7,0.2,De,0,1000,sa15
1,0.86,3,0.86,3,0,1,0.2,SI,14,8,1000,0.55,0.3,0.9,1.0,1,7,0.2,Om,0,1000,sa15
2,0.86,3,0.86,3,0,1,0.2,RS,14,8,1000,0.55,0.3,0.9,1.0,1,7,0.2,De,0,1000,sa15
3,0.86,3,0.86,3,0,1,0.2,RS,14,8,1000,0.55,0.3,0.9,1.0,1,7,0.2,Om,0,1000,sa15
4,0.86,3,0.86,3,0,1,0.2,RS_A,14,8,1000,0.55,0.3,0.9,1.0,1,7,0.2,De,0,1000,sa15
5,0.86,3,0.86,3,0,1,0.2,RS_A,14,8,1000,0.55,0.3,0.9,1.0,1,7,0.2,Om,0,1000,sa15
0,0.86,1,0.86,1,0,1,0.2,SI,14,8,1000,0.55,0.3,0.9,1.0,1,7,0.2,De,0,200,sa16
1,0.86,1,0.86,1,0,1,0.2,SI,14,8,1000,0.55,0.3,0.9,1.0,1,7,0.2,De,0,500,sa16
2,0.86,1,0.86,1,0,1,0.2,SI,14,8,1000,0.55,0.3,0.9,1.0,1,7,0.2,De,0,1000,sa16
3,0.86,1,0.86,1,0,1,0.2,SI,14,8,1000,0.55,0.3,0.9,1.0,1,7,0.2,De,0,2000,sa16
4,0.86,1,0.86,1,0,1,0.2,RS,14,8,1000,0.55,0.3,0.9,1.0,1,7,0.2,De,0,200,sa16
5,0.86,1,0.86,1,0,1,0.2,RS,14,8,1000,0.55,0.3,0.9,1.0,1,7,0.2,De,0,500,sa16
6,0.86,1,0.86,1,0,1,0.2,RS,14,8,1000,0.55,0.3,0.9,1.0,1,7,0.2,De,0,1000,sa16
7,0.86,1,0.86,1,0,1,0.2,RS,14,8,1000,0.55,0.3,0.9,1.0,1,7,0.2,De,0,2000,sa16
8,0.86,1,0.86,1,0,1,0.2,RS_A,14,8,1000,0.55,0.3,0.9,1.0,1,7,0.2,De,0,200,sa16
9,0.86,1,0.86,1,0,1,0.2,RS_A,14,8,1000,0.55,0.3,0.9,1.0,1,7,0.2,De,0,500,sa16
10,0.86,1,0.86,1,0,1,0.2,RS_A,14,8,1000,0.55,0.3,0.9,1.0,1,7,0.2,De,0,1000,sa16
11,0.86,1,0.86,1,0,1,0.2,RS_A,14,8,1000,0.55,0.3,0.9,1.0,1,7,0.2,De,0,2000,sa16
0,0.86,1,0.86,1,0,1,0.2,SI,14,8,1000,0.55,0.1,0.5,1.0,1,7,0.2,De,0,1000,sa17
1,0.86,1,0.86,1,0,1,0.2,SI,14,8,1000,0.55,0.1,0.5,1.0,1,7,0.2,Om,0,1000,sa17
2,0.86,1,0.86,1,0,1,0.2,SI,14,8,1000,0.55,0.1,0.9,1.0,1,7,0.2,De,0,1000,sa17
3,0.86,1,0.86,1,0,1,0.2,SI,14,8,1000,0.55,0.1,0.9,1.0,1,7,0.2,Om,0,1000,sa17
4,0.86,1,0.86,1,0,1,0.2,SI,14,8,1000,0.55,0.3,0.5,1.0,1,7,0.2,De,0,1000,sa17
5,0.86,1,0.86,1,0,1,0.2,SI,14,8,1000,0.55,0.3,0.5,1.0,1,7,0.2,Om,0,1000,sa17
6,0.86,1,0.86,1,0,1,0.2,SI,14,8,1000,0.55,0.3,0.9,1.0,1,7,0.2,De,0,1000,sa17
7,0.86,1,0.86,1,0,1,0.2,SI,14,8,1000,0.55,0.3,0.9,1.0,1,7,0.2,Om,0,1000,sa17
8,0.86,1,0.86,1,0,1,0.2,RS,14,8,1000,0.55,0.1,0.5,1.0,1,7,0.2,De,0,1000,sa17
9,0.86,1,0.86,1,0,1,0.2,RS,14,8,1000,0.55,0.1,0.5,1.0,1,7,0.2,Om,0,1000,sa17
10,0.86,1,0.86,1,0,1,0.2,RS,14,8,1000,0.55,0.1,0.9,1.0,1,7,0.2,De,0,1000,sa17
11,0.86,1,0.86,1,0,1,0.2,RS,14,8,1000,0.55,0.1,0.9,1.0,1,7,0.2,Om,0,1000,sa17
12,0.86,1,0.86,1,0,1,0.2,RS,14,8,1000,0.55,0.3,0.5,1.0,1,7,0.2,De,0,1000,sa17
13,0.86,1,0.86,1,0,1,0.2,RS,14,8,1000,0.55,0.3,0.5,1.0,1,7,0.2,Om,0,1000,sa17
14,0.86,1,0.86,1,0,1,0.2,RS,14,8,1000,0.55,0.3,0.9,1.0,1,7,0.2,De,0,1000,sa17
15,0.86,1,0.86,1,0,1,0.2,RS,14,8,1000,0.55,0.3,0.9,1.0,1,7,0.2,Om,0,1000,sa17
16,0.86,1,0.86,1,0,1,0.2,RS_A,14,8,1000,0.55,0.1,0.5,1.0,1,7,0.2,De,0,1000,sa17
17,0.86,1,0.86,1,0,1,0.2,RS_A,14,8,1000,0.55,0.1,0.5,1.0,1,7,0.2,Om,0,1000,sa17
18,0.86,1,0.86,1,0,1,0.2,RS_A,14,8,1000,0.55,0.1,0.9,1.0,1,7,0.2,De,0,1000,sa17
19,0.86,1,0.86,1,0,1,0.2,RS_A,14,8,1000,0.55,0.1,0.9,1.0,1,7,0.2,Om,0,1000,sa17
20,0.86,1,0.86,1,0,1,0.2,RS_A,14,8,1000,0.55,0.3,0.5,1.0,1,7,0.2,De,0,1000,sa17
21,0.86,1,0.86,1,0,1,0.2,RS_A,14,8,1000,0.55,0.3,0.5,1.0,1,7,0.2,Om,0,1000,sa17
22,0.86,1,0.86,1,0,1,0.2,RS_A,14,8,1000,0.55,0.3,0.9,1.0,1,7,0.2,De,0,1000,sa17
23,0.86,1,0.86,1,0,1,0.2,RS_A,14,8,1000,0.55,0.3,0.9,1.0,1,7,0.2,Om,0,1000,sa17
24,0.86,1,0.86,1,0,2,0.2,SI,14,8,1000,0.55,0.1,0.5,1.0,1,7,0.2,De,0,1000,sa17
25,0.86,1,0.86,1,0,2,0.2,SI,14,8,1000,0.55,0.1,0.5,1.0,1,7,0.2,Om,0,1000,sa17
26,0.86,1,0.86,1,0,2,0.2,SI,14,8,1000,0.55,0.1,0.9,1.0,1,7,0.2,De,0,1000,sa17
27,0.86,1,0.86,1,0,2,0.2,SI,14,8,1000,0.55,0.1,0.9,1.0,1,7,0.2,Om,0,1000,sa17
28,0.86,1,0.86,1,0,2,0.2,SI,14,8,1000,0.55,0.3,0.5,1.0,1,7,0.2,De,0,1000,sa17
29,0.86,1,0.86,1,0,2,0.2,SI,14,8,1000,0.55,0.3,0.5,1.0,1,7,0.2,Om,0,1000,sa17
30,0.86,1,0.86,1,0,2,0.2,SI,14,8,1000,0.55,0.3,0.9,1.0,1,7,0.2,De,0,1000,sa17
31,0.86,1,0.86,1,0,2,0.2,SI,14,8,1000,0.55,0.3,0.9,1.0,1,7,0.2,Om,0,1000,sa17
32,0.86,1,0.86,1,0,2,0.2,RS,14,8,1000,0.55,0.1,0.5,1.0,1,7,0.2,De,0,1000,sa17
33,0.86,1,0.86,1,0,2,0.2,RS,14,8,1000,0.55,0.1,0.5,1.0,1,7,0.2,Om,0,1000,sa17
34,0.86,1,0.86,1,0,2,0.2,RS,14,8,1000,0.55,0.1,0.9,1.0,1,7,0.2,De,0,1000,sa17
35,0.86,1,0.86,1,0,2,0.2,RS,14,8,1000,0.55,0.1,0.9,1.0,1,7,0.2,Om,0,1000,sa17
36,0.86,1,0.86,1,0,2,0.2,RS,14,8,1000,0.55,0.3,0.5,1.0,1,7,0.2,De,0,1000,sa17
37,0.86,1,0.86,1,0,2,0.2,RS,14,8,1000,0.55,0.3,0.5,1.0,1,7,0.2,Om,0,1000,sa17
38,0.86,1,0.86,1,0,2,0.2,RS,14,8,1000,0.55,0.3,0.9,1.0,1,7,0.2,De,0,1000,sa17
39,0.86,1,0.86,1,0,2,0.2,RS,14,8,1000,0.55,0.3,0.9,1.0,1,7,0.2,Om,0,1000,sa17
40,0.86,1,0.86,1,0,2,0.2,RS_A,14,8,1000,0.55,0.1,0.5,1.0,1,7,0.2,De,0,1000,sa17
41,0.86,1,0.86,1,0,2,0.2,RS_A,14,8,1000,0.55,0.1,0.5,1.0,1,7,0.2,Om,0,1000,sa17
42,0.86,1,0.86,1,0,2,0.2,RS_A,14,8,1000,0.55,0.1,0.9,1.0,1,7,0.2,De,0,1000,sa17
43,0.86,1,0.86,1,0,2,0.2,RS_A,14,8,1000,0.55,0.1,0.9,1.0,1,7,0.2,Om,0,1000,sa17
44,0.86,1,0.86,1,0,2,0.2,RS_A,14,8,1000,0.55,0.3,0.5,1.0,1,7,0.2,De,0,1000,sa17
45,0.86,1,0.86,1,0,2,0.2,RS_A,14,8,1000,0.55,0.3,0.5,1.0,1,7,0.2,Om,0,1000,sa17
46,0.86,1,0.86,1,0,2,0.2,RS_A,14,8,1000,0.55,0.3,0.9,1.0,1,7,0.2,De,0,1000,sa17
47,0.86,1,0.86,1,0,2,0.2,RS_A,14,8,1000,0.55,0.3,0.9,1.0,1,7,0.2,Om,0,1000,sa17
0,0.0,1,0.0,1,0,1,0.2,SI,14,8,20,0.55,0.3,0.9,1.0,1,7,0.2,De,0,1000,sa18
1,0.0,1,0.0,1,0,1,0.2,SI,14,8,1000,0.55,0.3,0.9,1.0,1,7,0.2,De,0,1000,sa18
2,0.0,1,0.0,1,0,1,0.2,SI,14,2,20,0.55,0.3,0.9,1.0,1,7,0.2,De,0,1000,sa18
3,0.0,1,0.0,1,0,1,0.2,SI,14,2,1000,0.55,0.3,0.9,1.0,1,7,0.2,De,0,1000,sa18
